0.00000;-0.413;-5.999
0.01000;-0.411;-5.997
0.01160;-0.408;-5.995
0.01260;-0.405;-5.992
0.01320;-0.402;-5.990
0.01360;-0.401;-5.989
0.01400;-0.399;-5.987
0.01460;-0.396;-5.983
0.01520;-0.392;-5.980
0.01540;-0.391;-5.978
0.01560;-0.390;-5.977
0.01600;-0.386;-5.974
0.01640;-0.383;-5.970
0.01660;-0.381;-5.968
0.01680;-0.379;-5.966
0.01720;-0.375;-5.962
0.01760;-0.371;-5.957
0.01780;-0.369;-5.954
0.01800;-0.367;-5.952
0.01820;-0.365;-5.949
0.01860;-0.360;-5.944
0.01880;-0.357;-5.941
0.01900;-0.354;-5.938
0.01920;-0.352;-5.934
0.01940;-0.349;-5.931
0.01960;-0.346;-5.928
0.01980;-0.343;-5.924
0.02000;-0.340;-5.921
0.02020;-0.337;-5.917
0.02040;-0.333;-5.913
0.02060;-0.331;-5.909
0.02080;-0.327;-5.905
0.02100;-0.323;-5.901
0.02120;-0.320;-5.896
0.02140;-0.316;-5.892
0.02160;-0.312;-5.887
0.02180;-0.308;-5.882
0.02200;-0.304;-5.878
0.02220;-0.300;-5.872
0.02240;-0.296;-5.867
0.02260;-0.292;-5.862
0.02280;-0.287;-5.857
0.02300;-0.283;-5.851
0.02320;-0.278;-5.846
0.02340;-0.274;-5.840
0.02360;-0.269;-5.834
0.02380;-0.264;-5.828
0.02400;-0.259;-5.822
0.02420;-0.254;-5.816
0.02440;-0.249;-5.809
0.02460;-0.243;-5.803
0.02480;-0.238;-5.796
0.02500;-0.232;-5.789
0.02520;-0.226;-5.782
0.02540;-0.220;-5.775
0.02560;-0.215;-5.768
0.02580;-0.209;-5.761
0.02600;-0.203;-5.753
0.02620;-0.196;-5.746
0.02640;-0.190;-5.738
0.02660;-0.183;-5.730
0.02680;-0.176;-5.722
0.02700;-0.169;-5.714
0.02720;-0.163;-5.706
0.02740;-0.156;-5.697
0.02760;-0.148;-5.689
0.02780;-0.142;-5.680
0.02800;-0.134;-5.672
0.02820;-0.127;-5.663
0.02840;-0.119;-5.654
0.02860;-0.111;-5.645
0.02880;-0.103;-5.636
0.02900;-0.096;-5.626
0.02920;-0.087;-5.617
0.02940;-0.079;-5.607
0.02960;-0.070;-5.598
0.02980;-0.062;-5.588
0.03000;-0.054;-5.578
0.03020;-0.045;-5.568
0.03040;-0.037;-5.558
0.03060;-0.028;-5.548
0.03080;-0.018;-5.538
0.03100;-0.009;-5.527
0.03120;0.000;-5.517
0.03140;0.008;-5.506
0.03160;0.018;-5.496
0.03180;0.027;-5.485
0.03200;0.037;-5.474
0.03220;0.047;-5.464
0.03240;0.057;-5.453
0.03260;0.066;-5.442
0.03280;0.077;-5.431
0.03300;0.087;-5.420
0.03320;0.097;-5.409
0.03340;0.108;-5.398
0.03360;0.118;-5.387
0.03380;0.129;-5.375
0.03400;0.140;-5.364
0.03420;0.150;-5.353
0.03440;0.161;-5.342
0.03460;0.172;-5.330
0.03480;0.183;-5.319
0.03500;0.194;-5.307
0.03520;0.205;-5.296
0.03540;0.217;-5.285
0.03560;0.228;-5.273
0.03580;0.240;-5.262
0.03600;0.252;-5.250
0.03620;0.264;-5.239
0.03640;0.275;-5.227
0.03660;0.287;-5.216
0.03680;0.299;-5.205
0.03700;0.312;-5.193
0.03720;0.324;-5.182
0.03740;0.336;-5.171
0.03760;0.348;-5.159
0.03780;0.361;-5.148
0.03800;0.373;-5.137
0.03820;0.386;-5.126
0.03840;0.399;-5.114
0.03860;0.412;-5.103
0.03880;0.425;-5.092
0.03900;0.438;-5.081
0.03920;0.451;-5.070
0.03940;0.464;-5.059
0.03960;0.477;-5.049
0.03980;0.491;-5.038
0.04000;0.503;-5.027
0.04020;0.517;-5.016
0.04040;0.530;-5.006
0.04060;0.544;-4.995
0.04080;0.558;-4.985
0.04100;0.572;-4.974
0.04120;0.585;-4.964
0.04140;0.599;-4.954
0.04160;0.613;-4.944
0.04180;0.627;-4.933
0.04200;0.641;-4.924
0.04220;0.655;-4.914
0.04240;0.669;-4.904
0.04260;0.684;-4.894
0.04280;0.698;-4.884
0.04300;0.712;-4.875
0.04320;0.726;-4.865
0.04340;0.741;-4.856
0.04360;0.755;-4.847
0.04380;0.770;-4.838
0.04400;0.784;-4.829
0.04420;0.799;-4.820
0.04440;0.813;-4.811
0.04460;0.828;-4.802
0.04480;0.842;-4.793
0.04500;0.857;-4.785
0.04520;0.872;-4.776
0.04540;0.887;-4.768
0.04560;0.902;-4.760
0.04580;0.917;-4.752
0.04600;0.932;-4.743
0.04620;0.946;-4.735
0.04640;0.961;-4.728
0.04660;0.976;-4.720
0.04680;0.991;-4.712
0.04700;1.006;-4.705
0.04720;1.022;-4.697
0.04740;1.037;-4.690
0.04760;1.051;-4.683
0.04780;1.066;-4.675
0.04800;1.082;-4.668
0.04820;1.097;-4.662
0.04840;1.112;-4.655
0.04860;1.127;-4.648
0.04880;1.143;-4.641
0.04900;1.158;-4.635
0.04920;1.173;-4.628
0.04940;1.188;-4.622
0.04960;1.204;-4.615
0.04980;1.219;-4.609
0.05000;1.234;-4.603
0.05020;1.249;-4.597
0.05040;1.265;-4.591
0.05060;1.280;-4.586
0.05080;1.295;-4.580
0.05100;1.311;-4.574
0.05120;1.326;-4.569
0.05140;1.341;-4.563
0.05160;1.356;-4.558
0.05180;1.372;-4.553
0.05200;1.388;-4.547
0.05220;1.402;-4.542
0.05240;1.418;-4.537
0.05260;1.433;-4.532
0.05280;1.449;-4.527
0.05300;1.463;-4.522
0.05320;1.479;-4.518
0.05340;1.494;-4.513
0.05360;1.509;-4.508
0.05380;1.524;-4.504
0.05400;1.539;-4.499
0.05420;1.555;-4.495
0.05440;1.570;-4.491
0.05460;1.585;-4.487
0.05480;1.600;-4.482
0.05500;1.615;-4.478
0.05520;1.630;-4.474
0.05540;1.645;-4.470
0.05560;1.660;-4.466
0.05580;1.675;-4.462
0.05600;1.690;-4.458
0.05620;1.705;-4.454
0.05640;1.720;-4.451
0.05660;1.734;-4.447
0.05680;1.749;-4.443
0.05700;1.764;-4.440
0.05720;1.779;-4.436
0.05740;1.793;-4.433
0.05760;1.808;-4.429
0.05780;1.823;-4.426
0.05800;1.837;-4.422
0.05820;1.852;-4.419
0.05840;1.867;-4.416
0.05860;1.881;-4.413
0.05880;1.896;-4.409
0.05900;1.910;-4.406
0.05920;1.924;-4.403
0.05940;1.938;-4.400
0.05960;1.953;-4.397
0.05980;1.967;-4.394
0.06000;1.981;-4.391
0.06020;1.995;-4.388
0.06040;2.009;-4.385
0.06060;2.023;-4.382
0.06080;2.037;-4.379
0.06100;2.051;-4.376
0.06120;2.065;-4.373
0.06140;2.079;-4.371
0.06160;2.092;-4.368
0.06180;2.106;-4.365
0.06200;2.120;-4.362
0.06220;2.133;-4.360
0.06240;2.147;-4.357
0.06260;2.161;-4.354
0.06280;2.173;-4.351
0.06300;2.187;-4.349
0.06320;2.201;-4.346
0.06340;2.213;-4.344
0.06360;2.227;-4.341
0.06380;2.240;-4.338
0.06400;2.253;-4.336
0.06420;2.266;-4.333
0.06440;2.278;-4.331
0.06460;2.291;-4.328
0.06480;2.304;-4.326
0.06500;2.317;-4.323
0.06520;2.330;-4.321
0.06540;2.342;-4.318
0.06560;2.355;-4.316
0.06580;2.367;-4.313
0.06600;2.379;-4.311
0.06620;2.392;-4.308
0.06640;2.404;-4.306
0.06660;2.417;-4.303
0.06680;2.428;-4.301
0.06700;2.440;-4.299
0.06720;2.453;-4.296
0.06740;2.464;-4.294
0.06760;2.476;-4.292
0.06780;2.488;-4.289
0.06800;2.499;-4.287
0.06820;2.511;-4.284
0.06840;2.522;-4.282
0.06860;2.534;-4.280
0.06880;2.545;-4.277
0.06900;2.557;-4.275
0.06920;2.568;-4.273
0.06940;2.579;-4.271
0.06960;2.590;-4.268
0.06980;2.601;-4.266
0.07000;2.612;-4.264
0.07020;2.623;-4.261
0.07040;2.633;-4.259
0.07060;2.644;-4.257
0.07080;2.655;-4.255
0.07100;2.665;-4.252
0.07120;2.676;-4.250
0.07140;2.686;-4.248
0.07160;2.696;-4.246
0.07180;2.707;-4.244
0.07200;2.717;-4.241
0.07220;2.727;-4.239
0.07240;2.737;-4.237
0.07260;2.747;-4.235
0.07280;2.757;-4.233
0.07300;2.767;-4.230
0.07320;2.776;-4.228
0.07340;2.786;-4.226
0.07360;2.795;-4.224
0.07380;2.805;-4.222
0.07400;2.814;-4.220
0.07420;2.823;-4.218
0.07440;2.833;-4.216
0.07460;2.841;-4.214
0.07480;2.851;-4.211
0.07500;2.860;-4.209
0.07520;2.869;-4.207
0.07540;2.877;-4.205
0.07560;2.886;-4.203
0.07580;2.895;-4.201
0.07600;2.903;-4.199
0.07620;2.912;-4.197
0.07640;2.920;-4.195
0.07660;2.928;-4.193
0.07680;2.936;-4.191
0.07700;2.944;-4.189
0.07720;2.953;-4.188
0.07740;2.961;-4.186
0.07760;2.969;-4.184
0.07780;2.976;-4.182
0.07800;2.984;-4.180
0.07820;2.992;-4.178
0.07840;2.999;-4.176
0.07860;3.007;-4.174
0.07880;3.014;-4.173
0.07900;3.022;-4.171
0.07920;3.028;-4.169
0.07940;3.036;-4.167
0.07960;3.043;-4.165
0.07980;3.050;-4.164
0.08000;3.057;-4.162
0.08020;3.064;-4.160
0.08040;3.070;-4.158
0.08060;3.077;-4.157
0.08080;3.084;-4.155
0.08100;3.090;-4.153
0.08120;3.097;-4.151
0.08140;3.103;-4.150
0.08160;3.110;-4.148
0.08180;3.116;-4.147
0.08200;3.122;-4.145
0.08220;3.128;-4.144
0.08240;3.134;-4.142
0.08260;3.140;-4.140
0.08280;3.146;-4.139
0.08300;3.151;-4.137
0.08320;3.157;-4.136
0.08340;3.163;-4.134
0.08360;3.168;-4.133
0.08380;3.173;-4.131
0.08400;3.179;-4.130
0.08420;3.184;-4.128
0.08440;3.190;-4.127
0.08460;3.194;-4.126
0.08480;3.200;-4.124
0.08500;3.205;-4.123
0.08520;3.210;-4.122
0.08540;3.215;-4.120
0.08560;3.220;-4.119
0.08580;3.224;-4.118
0.08600;3.229;-4.116
0.08620;3.233;-4.115
0.08640;3.238;-4.114
0.08660;3.242;-4.112
0.08680;3.247;-4.111
0.08700;3.251;-4.110
0.08720;3.255;-4.109
0.08740;3.260;-4.107
0.08760;3.264;-4.106
0.08780;3.267;-4.105
0.08800;3.271;-4.104
0.08820;3.275;-4.103
0.08840;3.279;-4.102
0.08860;3.283;-4.101
0.08880;3.286;-4.100
0.08900;3.290;-4.099
0.08920;3.293;-4.097
0.08940;3.297;-4.096
0.08960;3.300;-4.095
0.08980;3.304;-4.094
0.09000;3.307;-4.093
0.09020;3.310;-4.092
0.09040;3.313;-4.091
0.09060;3.316;-4.090
0.09080;3.319;-4.089
0.09100;3.322;-4.088
0.09120;3.325;-4.087
0.09140;3.328;-4.086
0.09160;3.331;-4.085
0.09180;3.333;-4.085
0.09200;3.336;-4.084
0.09220;3.339;-4.083
0.09240;3.341;-4.082
0.09260;3.344;-4.081
0.09300;3.348;-4.079
0.09340;3.353;-4.078
0.09380;3.357;-4.076
0.09420;3.361;-4.075
0.09460;3.365;-4.073
0.09500;3.369;-4.072
0.09520;3.371;-4.071
0.09540;3.372;-4.070
0.09580;3.375;-4.069
0.09620;3.378;-4.067
0.09660;3.381;-4.066
0.09700;3.383;-4.065
0.09740;3.386;-4.063
0.09800;3.389;-4.062
0.09820;3.390;-4.061
0.09860;3.392;-4.060
0.09920;3.394;-4.058
0.10000;3.397;-4.056
0.10140;3.400;-4.052
0.10180;3.400;-4.051
0.10580;3.397;-4.042
0.10640;3.396;-4.041
0.10680;3.394;-4.040
0.10760;3.392;-4.039
0.10840;3.388;-4.037
0.10920;3.385;-4.035
0.10980;3.382;-4.034
0.11040;3.379;-4.033
0.11100;3.376;-4.032
0.11140;3.373;-4.032
0.11180;3.371;-4.031
0.11200;3.370;-4.031
0.11260;3.367;-4.030
0.11300;3.364;-4.029
0.11340;3.361;-4.029
0.11400;3.358;-4.028
0.11440;3.355;-4.027
0.11480;3.352;-4.026
0.11520;3.350;-4.026
0.11560;3.347;-4.025
0.11600;3.344;-4.025
0.11640;3.341;-4.024
0.11680;3.338;-4.024
0.11720;3.335;-4.023
0.11760;3.332;-4.022
0.11800;3.329;-4.022
0.11840;3.326;-4.021
0.11860;3.324;-4.021
0.11880;3.323;-4.021
0.11920;3.319;-4.020
0.11960;3.316;-4.020
0.12000;3.313;-4.019
0.12040;3.310;-4.019
0.12080;3.306;-4.019
0.12120;3.304;-4.018
0.12160;3.300;-4.018
0.12200;3.297;-4.017
0.12240;3.293;-4.017
0.12280;3.290;-4.016
0.12320;3.287;-4.016
0.12360;3.284;-4.016
0.12400;3.281;-4.015
0.12440;3.277;-4.015
0.12480;3.274;-4.014
0.12520;3.271;-4.014
0.12560;3.268;-4.014
0.12600;3.264;-4.013
0.12640;3.261;-4.013
0.12680;3.258;-4.013
0.12720;3.255;-4.012
0.12760;3.251;-4.012
0.12800;3.248;-4.012
0.12840;3.245;-4.011
0.12880;3.242;-4.011
0.12900;3.241;-4.011
0.12920;3.239;-4.011
0.12960;3.236;-4.011
0.13000;3.232;-4.010
0.13040;3.229;-4.010
0.13080;3.226;-4.010
0.13120;3.223;-4.010
0.13160;3.220;-4.009
0.13200;3.217;-4.009
0.13240;3.214;-4.009
0.13280;3.211;-4.009
0.13320;3.208;-4.008
0.13360;3.205;-4.008
0.13400;3.203;-4.008
0.13440;3.200;-4.008
0.13480;3.197;-4.008
0.13520;3.194;-4.007
0.13560;3.191;-4.007
0.13600;3.188;-4.007
0.13640;3.186;-4.007
0.13700;3.182;-4.007
0.13740;3.180;-4.006
0.13780;3.177;-4.006
0.13820;3.174;-4.006
0.13860;3.171;-4.006
0.13900;3.169;-4.006
0.13960;3.165;-4.005
0.14000;3.163;-4.005
0.14060;3.159;-4.005
0.14100;3.157;-4.005
0.14160;3.153;-4.005
0.14220;3.150;-4.005
0.14280;3.146;-4.005
0.14340;3.144;-4.004
0.14400;3.140;-4.004
0.14460;3.138;-4.004
0.14520;3.134;-4.004
0.14580;3.131;-4.004
0.14640;3.129;-4.004
0.14700;3.125;-4.003
0.14760;3.123;-4.003
0.14840;3.119;-4.003
0.14900;3.117;-4.003
0.14980;3.114;-4.003
0.15040;3.111;-4.003
0.15120;3.108;-4.002
0.15180;3.106;-4.002
0.15260;3.103;-4.002
0.15340;3.100;-4.002
0.15420;3.098;-4.002
0.15500;3.095;-4.002
0.15600;3.092;-4.001
0.15680;3.089;-4.001
0.15700;3.089;-4.001
0.15780;3.087;-4.001
0.15900;3.084;-4.001
0.16000;3.081;-4.001
0.16120;3.079;-4.001
0.16260;3.076;-4.001
0.16400;3.073;-4.000
0.16540;3.070;-4.000
0.16720;3.068;-4.000
0.16880;3.065;-4.000
0.17060;3.062;-4.000
0.17280;3.060;-4.000
0.17520;3.057;-4.000
0.17780;3.054;-4.000
0.18020;3.052;-4.000
0.18300;3.049;-3.999
0.18580;3.046;-3.999
0.18880;3.043;-3.999
0.19140;3.041;-3.999
0.19420;3.038;-3.999
0.19680;3.035;-3.999
0.19940;3.033;-3.999
0.20200;3.030;-3.999
0.20460;3.027;-3.999
0.20680;3.024;-3.999
0.20920;3.022;-3.999
0.21140;3.019;-3.999
0.21380;3.016;-3.999
0.21600;3.014;-3.999
0.21820;3.011;-3.999
0.22040;3.008;-3.999
0.22260;3.005;-3.999
0.22480;3.003;-3.999
0.22700;3.000;-3.999
0.22920;2.997;-3.999
0.23140;2.995;-3.999
0.23380;2.992;-3.999
0.23600;2.989;-3.999
0.23840;2.986;-3.999
0.24060;2.984;-3.999
0.24300;2.981;-3.999
0.24560;2.978;-3.999
0.24820;2.976;-3.999
0.25060;2.973;-3.999
0.25340;2.970;-3.999
0.25600;2.967;-3.999
0.25880;2.965;-3.999
0.26180;2.962;-3.999
0.26480;2.959;-3.999
0.26800;2.957;-3.999
0.27140;2.954;-3.999
0.27480;2.951;-3.999
0.27820;2.949;-3.999
0.28200;2.946;-3.999
0.28580;2.943;-3.999
0.28980;2.940;-3.999
0.29400;2.938;-3.999
0.29820;2.935;-3.999
0.30260;2.932;-3.999
0.30700;2.930;-3.999
0.31160;2.927;-3.999
0.31620;2.924;-3.999
0.32100;2.921;-4.000
0.32600;2.919;-4.000
0.33120;2.916;-3.999
0.33640;2.913;-3.999
0.34180;2.911;-3.999
0.34760;2.908;-3.999
0.35320;2.905;-3.999
0.35940;2.902;-4.000
0.36580;2.900;-3.999
0.37260;2.897;-3.999
0.37940;2.894;-4.000
0.38660;2.892;-4.000
0.39360;2.889;-4.000
0.40080;2.886;-4.000
0.40800;2.883;-4.000
0.41500;2.881;-4.000
0.42220;2.878;-4.000
0.42980;2.875;-4.000
0.43780;2.873;-4.000
0.44580;2.870;-4.000
0.45460;2.867;-4.000
0.46320;2.865;-4.000
0.47220;2.862;-4.000
0.48140;2.859;-4.000
0.49040;2.856;-4.000
0.49940;2.854;-4.000
0.51020;2.851;-4.000
0.52360;2.848;-4.000
0.53760;2.846;-4.000
0.55000;2.843;-4.000
0.56120;2.840;-4.000
0.57160;2.837;-4.000
0.58260;2.835;-4.000
0.59520;2.832;-4.000
0.61000;2.829;-4.000
0.62580;2.827;-4.000
0.64080;2.824;-4.000
0.65520;2.821;-4.000
0.66940;2.818;-4.000
0.68360;2.816;-4.000
0.69860;2.813;-4.000
0.71680;2.810;-4.000
0.73560;2.808;-4.000
0.75620;2.805;-4.000
0.77500;2.802;-4.000
0.79260;2.799;-4.000
0.81000;2.797;-4.000
0.82840;2.794;-4.000
0.84960;2.791;-4.000
0.87580;2.789;-4.000
0.89960;2.786;-4.000
0.92200;2.783;-4.000
0.94480;2.781;-4.000
0.96940;2.778;-4.000
0.99480;2.775;-4.000
1.02300;2.772;-4.000
1.05620;2.770;-4.000
1.07840;2.767;-4.000
1.09640;2.764;-4.000
1.14660;2.762;-4.000
1.17980;2.759;-4.000
1.20820;2.756;-4.000
1.23640;2.753;-4.000
1.27000;2.751;-4.000
1.31720;2.748;-4.000
1.35500;2.745;-4.000
1.39260;2.743;-4.000
1.42100;2.740;-4.000
1.48360;2.737;-4.000
1.52060;2.734;-4.000
1.56700;2.732;-4.000
1.61620;2.729;-4.000
1.66460;2.726;-4.000
1.71160;2.724;-4.000
1.77120;2.721;-4.000
1.83340;2.718;-4.000
1.87860;2.715;-4.000
1.94440;2.713;-4.000
2.00360;2.710;-4.000
2.06900;2.707;-4.000
2.14560;2.705;-4.000
2.21340;2.702;-4.000
2.26440;2.699;-4.000
2.35480;2.696;-4.000
2.43660;2.694;-4.000
2.50960;2.691;-4.000
2.60340;2.688;-4.000
2.71040;2.686;-4.000
2.78200;2.683;-4.000
2.89460;2.680;-4.000
2.99980;2.678;-4.000
3.09240;2.675;-4.000
3.20220;2.672;-4.000
3.33480;2.669;-4.000
3.45920;2.667;-4.000
3.56300;2.664;-4.000
3.68600;2.661;-4.000
3.85060;2.659;-4.000
3.99300;2.656;-4.000
4.12960;2.653;-4.000
4.24540;2.650;-4.000
4.44160;2.648;-4.000
4.55160;2.645;-4.000
4.76080;2.642;-4.000
4.89960;2.640;-4.000
5.15400;2.637;-4.000
5.38040;2.634;-4.000
5.54580;2.631;-4.000
5.81240;2.629;-4.000
5.91800;2.626;-4.000
6.29180;2.623;-4.000
6.51060;2.621;-4.000
6.70640;2.618;-4.000
7.06620;2.615;-4.000
7.38940;2.612;-4.000
7.67740;2.610;-4.000
7.98800;2.607;-4.000
8.31760;2.604;-4.000
8.69800;2.602;-4.000
9.08040;2.599;-4.000
9.51780;2.596;-4.000
9.86880;2.594;-4.000
10.34280;2.591;-4.000
10.83800;2.588;-4.000
11.21980;2.585;-4.000
11.72040;2.583;-4.000
12.10000;2.580;-4.000
12.96020;2.577;-4.000
13.56060;2.575;-4.000
14.21360;2.572;-4.000
15.00920;2.569;-4.000
15.61880;2.566;-4.000
16.41960;2.564;-4.000
17.20800;2.561;-4.000
17.82940;2.558;-4.000
18.97720;2.556;-4.000
19.92500;2.553;-4.000
20.77940;2.550;-4.000
21.87080;2.547;-4.000
22.80080;2.545;-4.000
24.31560;2.542;-4.000
25.73900;2.539;-4.000
26.90020;2.537;-4.000
28.11840;2.534;-4.000
29.64220;2.531;-4.000
31.13960;2.528;-4.000
32.88400;2.526;-4.000
34.16420;2.523;-4.000
36.73280;2.520;-4.000
38.27860;2.518;-4.000
40.05780;2.515;-4.000
42.43680;2.512;-4.000
44.20880;2.510;-4.000
44.30640;2.512;-4.000
44.64540;2.510;-4.000
47.35820;2.507;-4.000
49.26700;2.504;-4.000
51.36780;2.501;-4.000
51.45500;2.504;-4.000
51.89100;2.501;-4.000
54.85840;2.499;-4.000
57.94100;2.496;-4.000
61.64300;2.493;-4.000
65.06840;2.491;-4.000
68.53340;2.488;-4.000
70.94540;2.485;-4.000
74.56520;2.482;-4.000
74.63600;2.485;-4.000
75.49880;2.482;-4.000
79.30420;2.480;-4.000
83.25540;2.477;-4.000
83.40020;2.480;-4.000
84.37480;2.477;-4.000
87.91700;2.474;-4.000
87.96600;2.477;-4.000
89.04480;2.474;-4.000
93.80080;2.472;-4.000
100.36100;2.469;-4.000
106.35860;2.466;-4.000
109.96580;2.463;-4.000
110.01680;2.466;-4.000
111.98460;2.463;-4.000
113.16540;2.466;-4.000
113.30440;2.463;-4.000
118.20740;2.461;-4.000
124.01860;2.458;-4.000
124.05580;2.461;-4.000
124.88620;2.458;-4.000
124.97680;2.461;-4.000
126.71580;2.458;-4.000
134.36160;2.455;-4.000
138.75120;2.453;-4.000
138.80860;2.455;-4.000
140.74420;2.453;-4.000
146.09240;2.450;-4.000
146.13420;2.453;-4.000
148.19420;2.450;-4.000
148.92180;2.453;-4.000
149.10480;2.450;-4.000
156.45900;2.447;-4.000
167.33740;2.444;-4.000
174.71460;2.442;-4.000
174.75920;2.444;-4.000
175.17540;2.442;-4.000
175.97300;2.444;-4.000
177.26000;2.442;-4.000
185.29120;2.439;-4.000
185.39460;2.442;-4.000
185.79780;2.439;-4.000
185.91560;2.442;-4.000
186.11580;2.439;-4.000
186.18640;2.442;-4.000
187.45380;2.439;-4.000
197.70120;2.436;-4.000
197.75500;2.439;-4.000
198.84000;2.436;-4.000
209.22440;2.434;-4.000
209.26340;2.436;-4.000
209.92100;2.434;-4.000
209.97380;2.436;-4.000
210.60460;2.434;-4.000
210.68900;2.436;-4.000
210.87840;2.434;-4.000
211.39540;2.436;-4.000
212.63160;2.434;-4.000
213.82420;2.436;-4.000
213.85840;2.434;-4.000
214.57140;2.436;-4.000
214.63100;2.434;-4.000
225.52180;2.431;-4.000
238.03980;2.428;-4.000
238.08600;2.431;-4.000
238.29620;2.428;-4.000
239.34200;2.431;-4.000
241.01760;2.428;-4.000
244.66100;2.431;-4.000
244.70040;2.428;-4.000
255.52960;2.425;-4.000
267.91200;2.423;-4.000
267.96040;2.425;-4.000
270.57140;2.423;-4.000
282.65960;2.420;-4.000
282.69820;2.423;-4.000
286.53060;2.420;-4.000
300.04300;2.417;-4.002
300.04880;2.415;-4.004
300.05240;2.412;-4.006
300.05540;2.409;-4.008
300.05780;2.407;-4.010
300.05900;2.405;-4.011
300.05980;2.404;-4.012
300.06180;2.401;-4.013
300.06340;2.398;-4.015
300.06500;2.396;-4.016
300.06660;2.393;-4.017
300.06800;2.390;-4.018
300.06940;2.388;-4.020
300.07080;2.385;-4.021
300.07100;2.384;-4.021
300.07200;2.382;-4.022
300.07320;2.379;-4.023
300.07440;2.377;-4.024
300.07560;2.374;-4.025
300.07660;2.371;-4.026
300.07760;2.369;-4.027
300.07880;2.366;-4.028
300.07980;2.363;-4.029
300.08080;2.360;-4.030
300.08180;2.358;-4.030
300.08220;2.357;-4.031
300.08280;2.355;-4.031
300.08380;2.352;-4.032
300.08480;2.350;-4.033
300.08580;2.347;-4.034
300.08660;2.344;-4.035
300.08760;2.341;-4.036
300.08860;2.339;-4.037
300.08940;2.336;-4.038
300.09040;2.333;-4.039
300.09140;2.331;-4.040
300.09220;2.328;-4.040
300.09260;2.327;-4.041
300.09320;2.325;-4.041
300.09400;2.323;-4.042
300.09480;2.320;-4.043
300.09580;2.317;-4.044
300.09660;2.314;-4.045
300.09740;2.312;-4.045
300.09840;2.309;-4.046
300.09920;2.306;-4.047
300.10000;2.304;-4.048
300.10100;2.301;-4.049
300.10180;2.298;-4.050
300.10260;2.295;-4.050
300.10300;2.295;-4.051
300.10360;2.293;-4.051
300.10440;2.290;-4.052
300.10540;2.287;-4.053
300.10620;2.285;-4.054
300.10700;2.282;-4.054
300.10800;2.279;-4.055
300.10880;2.276;-4.056
300.10960;2.274;-4.057
300.11060;2.271;-4.058
300.11140;2.268;-4.059
300.11240;2.266;-4.060
300.11320;2.263;-4.061
300.11340;2.262;-4.061
300.11420;2.260;-4.062
300.11500;2.257;-4.062
300.11600;2.255;-4.063
300.11680;2.252;-4.064
300.11780;2.249;-4.065
300.11860;2.247;-4.066
300.11960;2.244;-4.067
300.12060;2.241;-4.068
300.12140;2.238;-4.069
300.12240;2.236;-4.070
300.12340;2.233;-4.071
300.12360;2.232;-4.071
300.12420;2.230;-4.072
300.12520;2.228;-4.073
300.12620;2.225;-4.074
300.12720;2.222;-4.075
300.12820;2.220;-4.076
300.12920;2.217;-4.077
300.13020;2.214;-4.078
300.13120;2.211;-4.078
300.13220;2.209;-4.079
300.13320;2.206;-4.080
300.13360;2.205;-4.081
300.13420;2.203;-4.081
300.13540;2.201;-4.083
300.13640;2.198;-4.084
300.13740;2.195;-4.085
300.13840;2.192;-4.086
300.13960;2.190;-4.087
300.14060;2.187;-4.088
300.14180;2.184;-4.089
300.14280;2.182;-4.090
300.14340;2.180;-4.091
300.14400;2.179;-4.091
300.14500;2.176;-4.092
300.14620;2.173;-4.094
300.14740;2.171;-4.095
300.14860;2.168;-4.096
300.14960;2.165;-4.097
300.15080;2.163;-4.098
300.15200;2.160;-4.100
300.15320;2.157;-4.101
300.15340;2.157;-4.101
300.15440;2.154;-4.102
300.15540;2.152;-4.103
300.15660;2.149;-4.104
300.15780;2.146;-4.105
300.15900;2.144;-4.107
300.16040;2.141;-4.108
300.16160;2.138;-4.109
300.16280;2.136;-4.110
300.16320;2.135;-4.111
300.16400;2.133;-4.112
300.16520;2.130;-4.113
300.16640;2.127;-4.114
300.16760;2.125;-4.115
300.16900;2.122;-4.117
300.17020;2.119;-4.118
300.17140;2.117;-4.119
300.17280;2.114;-4.120
300.17320;2.113;-4.121
300.17400;2.111;-4.122
300.17520;2.108;-4.123
300.17660;2.106;-4.124
300.17780;2.103;-4.125
300.17920;2.100;-4.127
300.18040;2.098;-4.128
300.18180;2.095;-4.129
300.18300;2.092;-4.131
300.18320;2.092;-4.131
300.18440;2.089;-4.132
300.18560;2.087;-4.133
300.18700;2.084;-4.135
300.18840;2.081;-4.136
300.18960;2.079;-4.137
300.19100;2.076;-4.139
300.19240;2.073;-4.140
300.19320;2.072;-4.141
300.19380;2.070;-4.141
300.19520;2.068;-4.143
300.19640;2.065;-4.144
300.19780;2.062;-4.145
300.19920;2.060;-4.147
300.20060;2.057;-4.148
300.20200;2.054;-4.150
300.20320;2.052;-4.151
300.20340;2.052;-4.151
300.20480;2.049;-4.152
300.20620;2.046;-4.154
300.20760;2.043;-4.155
300.20900;2.041;-4.157
300.21040;2.038;-4.158
300.21180;2.035;-4.160
300.21280;2.033;-4.161
300.21320;2.033;-4.161
300.21460;2.030;-4.162
300.21600;2.027;-4.164
300.21760;2.024;-4.166
300.21900;2.022;-4.167
300.22040;2.019;-4.168
300.22180;2.016;-4.170
300.22260;2.015;-4.171
300.22320;2.014;-4.171
300.22460;2.011;-4.173
300.22600;2.008;-4.174
300.22740;2.005;-4.175
300.22900;2.003;-4.177
300.23040;2.000;-4.178
300.23180;1.997;-4.180
300.23260;1.996;-4.180
300.23320;1.995;-4.181
300.23460;1.992;-4.182
300.23600;1.989;-4.184
300.23740;1.986;-4.185
300.23900;1.984;-4.187
300.24040;1.981;-4.188
300.24180;1.978;-4.190
300.24260;1.977;-4.190
300.24340;1.976;-4.191
300.24480;1.973;-4.193
300.24620;1.970;-4.194
300.24780;1.967;-4.196
300.24920;1.965;-4.197
300.25080;1.962;-4.199
300.25220;1.959;-4.200
300.25240;1.959;-4.200
300.25360;1.957;-4.201
300.25520;1.954;-4.203
300.25660;1.951;-4.204
300.25820;1.949;-4.206
300.25960;1.946;-4.207
300.26120;1.943;-4.209
300.26240;1.941;-4.210
300.26260;1.940;-4.210
300.26420;1.938;-4.212
300.26580;1.935;-4.214
300.26720;1.932;-4.215
300.26880;1.930;-4.217
300.27040;1.927;-4.218
300.27200;1.924;-4.220
300.27220;1.924;-4.220
300.27360;1.921;-4.222
300.27500;1.919;-4.223
300.27660;1.916;-4.224
300.27820;1.913;-4.226
300.27980;1.911;-4.228
300.28140;1.908;-4.229
300.28220;1.907;-4.230
300.28300;1.905;-4.231
300.28440;1.902;-4.232
300.28600;1.900;-4.234
300.28760;1.897;-4.235
300.28920;1.894;-4.237
300.29080;1.892;-4.239
300.29220;1.890;-4.240
300.29240;1.889;-4.240
300.29400;1.886;-4.242
300.29560;1.883;-4.243
300.29720;1.881;-4.245
300.29880;1.878;-4.247
300.30040;1.875;-4.248
300.30200;1.873;-4.250
300.30220;1.873;-4.250
300.30360;1.870;-4.251
300.30520;1.867;-4.253
300.30680;1.865;-4.255
300.30840;1.862;-4.256
300.30980;1.859;-4.258
300.31160;1.856;-4.259
300.31200;1.856;-4.260
300.31320;1.854;-4.261
300.31460;1.851;-4.263
300.31620;1.848;-4.264
300.31780;1.846;-4.266
300.31940;1.843;-4.267
300.32100;1.840;-4.269
300.32180;1.839;-4.270
300.32260;1.837;-4.271
300.32420;1.835;-4.272
300.32580;1.832;-4.274
300.32720;1.829;-4.275
300.32880;1.827;-4.277
300.33040;1.824;-4.278
300.33160;1.822;-4.280
300.33200;1.821;-4.280
300.33380;1.818;-4.282
300.33540;1.816;-4.283
300.33680;1.813;-4.285
300.33840;1.810;-4.286
300.33980;1.808;-4.288
300.34140;1.805;-4.289
300.34160;1.805;-4.290
300.34320;1.802;-4.291
300.34480;1.799;-4.293
300.34660;1.797;-4.295
300.34820;1.794;-4.296
300.34960;1.791;-4.297
300.35120;1.789;-4.299
300.35160;1.788;-4.299
300.35280;1.786;-4.301
300.35440;1.783;-4.302
300.35600;1.780;-4.304
300.35760;1.778;-4.305
300.35940;1.775;-4.307
300.36100;1.772;-4.309
300.36140;1.772;-4.309
300.36240;1.770;-4.310
300.36400;1.767;-4.312
300.36560;1.764;-4.314
300.36740;1.762;-4.315
300.36900;1.759;-4.317
300.37060;1.756;-4.319
300.37140;1.755;-4.319
300.37220;1.753;-4.320
300.37400;1.751;-4.322
300.37560;1.748;-4.323
300.37720;1.745;-4.325
300.37900;1.743;-4.327
300.38060;1.740;-4.328
300.38140;1.739;-4.329
300.38240;1.737;-4.330
300.38400;1.734;-4.332
300.38560;1.732;-4.333
300.38720;1.729;-4.335
300.38900;1.726;-4.337
300.39080;1.724;-4.339
300.39140;1.723;-4.339
300.39240;1.721;-4.340
300.39420;1.718;-4.342
300.39580;1.715;-4.344
300.39740;1.713;-4.345
300.39920;1.710;-4.347
300.40080;1.707;-4.348
300.40140;1.707;-4.349
300.40260;1.705;-4.350
300.40440;1.702;-4.352
300.40620;1.699;-4.354
300.40780;1.696;-4.355
300.40940;1.694;-4.357
300.41100;1.691;-4.359
300.41120;1.691;-4.359
300.41260;1.688;-4.360
300.41440;1.686;-4.362
300.41620;1.683;-4.364
300.41800;1.680;-4.366
300.41960;1.678;-4.367
300.42100;1.675;-4.369
300.42120;1.675;-4.369
300.42260;1.672;-4.370
300.42440;1.669;-4.372
300.42600;1.667;-4.374
300.42780;1.664;-4.375
300.42940;1.661;-4.377
300.43100;1.659;-4.379
300.43120;1.659;-4.379
300.43260;1.656;-4.380
300.43420;1.653;-4.382
300.43600;1.650;-4.384
300.43760;1.648;-4.385
300.43920;1.645;-4.387
300.44080;1.642;-4.389
300.44100;1.642;-4.389
300.44260;1.640;-4.390
300.44420;1.637;-4.392
300.44580;1.634;-4.394
300.44760;1.631;-4.395
300.44920;1.629;-4.397
300.45080;1.626;-4.398
300.45100;1.626;-4.399
300.45260;1.623;-4.400
300.45420;1.621;-4.402
300.45600;1.618;-4.404
300.45760;1.615;-4.405
300.45940;1.612;-4.407
300.46100;1.610;-4.409
300.46120;1.610;-4.409
300.46300;1.607;-4.411
300.46480;1.604;-4.412
300.46640;1.602;-4.414
300.46800;1.599;-4.416
300.46960;1.596;-4.417
300.47080;1.594;-4.419
300.47120;1.594;-4.419
300.47300;1.591;-4.421
300.47500;1.588;-4.423
300.47660;1.585;-4.424
300.47820;1.583;-4.426
300.47980;1.580;-4.427
300.48080;1.579;-4.428
300.48140;1.577;-4.429
300.48300;1.575;-4.430
300.48480;1.572;-4.432
300.48660;1.569;-4.434
300.48840;1.566;-4.436
300.49000;1.564;-4.437
300.49100;1.562;-4.438
300.49160;1.561;-4.439
300.49300;1.558;-4.440
300.49480;1.556;-4.442
300.49640;1.553;-4.444
300.49820;1.550;-4.446
300.50000;1.547;-4.447
300.50080;1.546;-4.448
300.50160;1.545;-4.449
300.50300;1.542;-4.450
300.50460;1.539;-4.452
300.50620;1.537;-4.454
300.50800;1.534;-4.456
300.50960;1.531;-4.457
300.51060;1.530;-4.458
300.51140;1.528;-4.459
300.51300;1.526;-4.461
300.51460;1.523;-4.462
300.51640;1.520;-4.464
300.51800;1.518;-4.466
300.51980;1.515;-4.467
300.52060;1.514;-4.468
300.52160;1.512;-4.469
300.52340;1.509;-4.471
300.52500;1.507;-4.472
300.52660;1.504;-4.474
300.52820;1.501;-4.476
300.53000;1.499;-4.477
300.53060;1.498;-4.478
300.53180;1.496;-4.479
300.53380;1.493;-4.481
300.53560;1.491;-4.483
300.53720;1.488;-4.485
300.53880;1.485;-4.486
300.54040;1.483;-4.488
300.54060;1.482;-4.488
300.54220;1.480;-4.490
300.54420;1.477;-4.492
300.54600;1.474;-4.493
300.54780;1.472;-4.495
300.54940;1.469;-4.497
300.55060;1.467;-4.498
300.55100;1.466;-4.498
300.55280;1.463;-4.500
300.55460;1.461;-4.502
300.55640;1.458;-4.504
300.55820;1.455;-4.505
300.55980;1.453;-4.507
300.56060;1.451;-4.508
300.56140;1.450;-4.509
300.56320;1.447;-4.510
300.56480;1.444;-4.512
300.56660;1.442;-4.514
300.56840;1.439;-4.516
300.57020;1.436;-4.517
300.57060;1.436;-4.518
300.57180;1.434;-4.519
300.57340;1.431;-4.520
300.57500;1.428;-4.522
300.57680;1.425;-4.524
300.57860;1.423;-4.526
300.58040;1.420;-4.528
300.58060;1.420;-4.528
300.58200;1.417;-4.529
300.58380;1.415;-4.531
300.58520;1.412;-4.533
300.58680;1.409;-4.534
300.58860;1.407;-4.536
300.59040;1.404;-4.538
300.59060;1.404;-4.538
300.59220;1.401;-4.540
300.59380;1.398;-4.541
300.59540;1.396;-4.543
300.59700;1.393;-4.544
300.59860;1.390;-4.546
300.60040;1.388;-4.548
300.60060;1.388;-4.548
300.60220;1.385;-4.549
300.60400;1.382;-4.551
300.60580;1.379;-4.553
300.60740;1.377;-4.555
300.60900;1.374;-4.556
300.61060;1.371;-4.558
300.61080;1.371;-4.558
300.61220;1.369;-4.559
300.61400;1.366;-4.561
300.61580;1.363;-4.563
300.61760;1.360;-4.565
300.61920;1.358;-4.566
300.62080;1.355;-4.568
300.62100;1.355;-4.568
300.62240;1.352;-4.569
300.62420;1.350;-4.571
300.62600;1.347;-4.573
300.62780;1.344;-4.575
300.62960;1.341;-4.577
300.63080;1.339;-4.578
300.63120;1.339;-4.578
300.63280;1.336;-4.580
300.63440;1.333;-4.582
300.63600;1.331;-4.583
300.63780;1.328;-4.585
300.63960;1.325;-4.587
300.64080;1.323;-4.588
300.64140;1.323;-4.589
300.64300;1.320;-4.590
300.64480;1.317;-4.592
300.64640;1.314;-4.593
300.64800;1.312;-4.595
300.64980;1.309;-4.597
300.65080;1.308;-4.598
300.65160;1.306;-4.599
300.65340;1.304;-4.600
300.65520;1.301;-4.602
300.65680;1.298;-4.604
300.65840;1.295;-4.605
300.66000;1.293;-4.607
300.66060;1.292;-4.608
300.66180;1.290;-4.609
300.66360;1.287;-4.611
300.66560;1.285;-4.613
300.66720;1.282;-4.614
300.66880;1.279;-4.616
300.67040;1.276;-4.617
300.67080;1.276;-4.618
300.67220;1.274;-4.619
300.67400;1.271;-4.621
300.67580;1.268;-4.623
300.67760;1.266;-4.624
300.67920;1.263;-4.626
300.68060;1.261;-4.628
300.68080;1.260;-4.628
300.68240;1.257;-4.629
300.68400;1.255;-4.631
300.68580;1.252;-4.633
300.68760;1.249;-4.635
300.68940;1.247;-4.637
300.69040;1.245;-4.638
300.69100;1.244;-4.638
300.69260;1.241;-4.640
300.69420;1.238;-4.641
300.69580;1.236;-4.643
300.69760;1.233;-4.645
300.69940;1.230;-4.646
300.70040;1.229;-4.647
300.70120;1.228;-4.648
300.70300;1.225;-4.650
300.70460;1.222;-4.651
300.70620;1.220;-4.653
300.70780;1.217;-4.655
300.70940;1.214;-4.656
300.71060;1.213;-4.657
300.71120;1.211;-4.658
300.71320;1.209;-4.660
300.71500;1.206;-4.662
300.71660;1.203;-4.663
300.71820;1.201;-4.665
300.71980;1.198;-4.666
300.72060;1.196;-4.667
300.72140;1.195;-4.668
300.72320;1.192;-4.670
300.72500;1.190;-4.672
300.72680;1.187;-4.674
300.72860;1.184;-4.675
300.73020;1.182;-4.677
300.73040;1.182;-4.677
300.73180;1.179;-4.679
300.73340;1.176;-4.680
300.73520;1.173;-4.682
300.73700;1.171;-4.684
300.73880;1.168;-4.686
300.74040;1.166;-4.687
300.74060;1.165;-4.687
300.74220;1.163;-4.689
300.74380;1.160;-4.691
300.74540;1.157;-4.692
300.74720;1.154;-4.694
300.74900;1.152;-4.696
300.75060;1.150;-4.697
300.75080;1.149;-4.697
300.75240;1.146;-4.699
300.75420;1.144;-4.701
300.75580;1.141;-4.702
300.75740;1.138;-4.704
300.75900;1.136;-4.705
300.76080;1.133;-4.707
300.76100;1.133;-4.707
300.76280;1.130;-4.709
300.76440;1.127;-4.711
300.76600;1.125;-4.712
300.76760;1.122;-4.714
300.76940;1.119;-4.716
300.77080;1.117;-4.717
300.77100;1.117;-4.717
300.77280;1.114;-4.719
300.77480;1.111;-4.721
300.77640;1.108;-4.723
300.77800;1.106;-4.725
300.77960;1.103;-4.726
300.78060;1.102;-4.727
300.78120;1.100;-4.728
300.78300;1.098;-4.730
300.78480;1.095;-4.731
300.78680;1.092;-4.733
300.78840;1.089;-4.735
300.79000;1.087;-4.736
300.79060;1.086;-4.737
300.79160;1.084;-4.738
300.79340;1.081;-4.740
300.79520;1.079;-4.742
300.79700;1.076;-4.743
300.79860;1.073;-4.745
300.80020;1.070;-4.747
300.80060;1.070;-4.747
300.80180;1.068;-4.748
300.80360;1.065;-4.750
300.80540;1.062;-4.752
300.80720;1.060;-4.754
300.80880;1.057;-4.755
300.81040;1.054;-4.757
300.81060;1.054;-4.757
300.81200;1.051;-4.758
300.81380;1.049;-4.760
300.81560;1.046;-4.762
300.81740;1.043;-4.763
300.81900;1.041;-4.765
300.82060;1.038;-4.767
300.82080;1.038;-4.767
300.82220;1.035;-4.768
300.82380;1.033;-4.770
300.82540;1.030;-4.771
300.82720;1.027;-4.773
300.82900;1.024;-4.775
300.83060;1.022;-4.777
300.83080;1.022;-4.777
300.83220;1.019;-4.778
300.83380;1.016;-4.780
300.83540;1.014;-4.781
300.83700;1.011;-4.783
300.83880;1.008;-4.784
300.84060;1.005;-4.786
300.84100;1.005;-4.787
300.84220;1.003;-4.788
300.84360;1.000;-4.789
300.84520;0.997;-4.791
300.84680;0.995;-4.792
300.84860;0.992;-4.794
300.85040;0.989;-4.796
300.85080;0.988;-4.797
300.85200;0.986;-4.798
300.85360;0.984;-4.799
300.85520;0.981;-4.801
300.85680;0.978;-4.803
300.85840;0.976;-4.804
300.86020;0.973;-4.806
300.86060;0.972;-4.807
300.86200;0.970;-4.808
300.86360;0.967;-4.809
300.86520;0.965;-4.811
300.86660;0.962;-4.812
300.86820;0.959;-4.814
300.87000;0.957;-4.816
300.87040;0.956;-4.816
300.87180;0.954;-4.818
300.87360;0.951;-4.820
300.87540;0.949;-4.821
300.87700;0.946;-4.823
300.87860;0.943;-4.825
300.88020;0.940;-4.826
300.88040;0.940;-4.827
300.88200;0.938;-4.828
300.88380;0.935;-4.830
300.88560;0.932;-4.832
300.88720;0.930;-4.833
300.88880;0.927;-4.835
300.89040;0.925;-4.836
300.89060;0.924;-4.837
300.89220;0.921;-4.838
300.89400;0.919;-4.840
300.89600;0.916;-4.842
300.89760;0.913;-4.844
300.89920;0.911;-4.845
300.90020;0.909;-4.846
300.90080;0.908;-4.847
300.90260;0.905;-4.849
300.90420;0.902;-4.850
300.90620;0.900;-4.852
300.90800;0.897;-4.854
300.90960;0.894;-4.856
300.91020;0.894;-4.856
300.91120;0.892;-4.857
300.91280;0.889;-4.859
300.91440;0.886;-4.860
300.91620;0.883;-4.862
300.91800;0.881;-4.864
300.91980;0.878;-4.866
300.92020;0.877;-4.866
300.92140;0.875;-4.867
300.92300;0.873;-4.869
300.92460;0.870;-4.871
300.92620;0.867;-4.872
300.92800;0.865;-4.874
300.92980;0.862;-4.876
300.93040;0.861;-4.876
300.93160;0.859;-4.877
300.93320;0.856;-4.879
300.93480;0.854;-4.881
300.93640;0.851;-4.882
300.93800;0.848;-4.884
300.93980;0.846;-4.886
300.94020;0.846;-4.886
300.94160;0.843;-4.887
300.94320;0.840;-4.889
300.94480;0.837;-4.891
300.94640;0.835;-4.892
300.94820;0.832;-4.894
300.95000;0.829;-4.896
300.95020;0.829;-4.896
300.95160;0.827;-4.898
300.95340;0.824;-4.900
300.95500;0.821;-4.901
300.95660;0.818;-4.903
300.95820;0.816;-4.904
300.96000;0.813;-4.906
300.96020;0.813;-4.906
300.96180;0.810;-4.908
300.96360;0.808;-4.910
300.96520;0.805;-4.911
300.96680;0.802;-4.913
300.96840;0.799;-4.914
300.97020;0.797;-4.916
300.97040;0.797;-4.916
300.97180;0.794;-4.918
300.97380;0.791;-4.920
300.97560;0.789;-4.921
300.97720;0.786;-4.923
300.97880;0.783;-4.925
300.98040;0.780;-4.926
300.98060;0.780;-4.926
300.98220;0.778;-4.928
300.98400;0.775;-4.930
300.98580;0.772;-4.931
300.98740;0.770;-4.933
300.98900;0.767;-4.935
300.99060;0.764;-4.936
300.99080;0.764;-4.936
300.99240;0.762;-4.938
300.99420;0.759;-4.940
300.99600;0.756;-4.942
300.99760;0.753;-4.943
300.99940;0.751;-4.945
301.00080;0.748;-4.946
301.00100;0.748;-4.947
301.00260;0.745;-4.948
301.00420;0.743;-4.950
301.00600;0.740;-4.952
301.00780;0.737;-4.953
301.00940;0.734;-4.955
301.01100;0.732;-4.957
301.01120;0.732;-4.957
301.01260;0.729;-4.958
301.01420;0.726;-4.960
301.01600;0.724;-4.962
301.01780;0.721;-4.963
301.01960;0.718;-4.965
301.02120;0.715;-4.967
301.02140;0.715;-4.967
301.02280;0.713;-4.968
301.02440;0.710;-4.970
301.02600;0.707;-4.971
301.02780;0.705;-4.973
301.02960;0.702;-4.975
301.03120;0.699;-4.977
301.03140;0.699;-4.977
301.03280;0.696;-4.978
301.03440;0.694;-4.980
301.03600;0.691;-4.981
301.03760;0.688;-4.983
301.03920;0.686;-4.985
301.04100;0.683;-4.986
301.04120;0.683;-4.987
301.04280;0.680;-4.988
301.04440;0.678;-4.990
301.04580;0.675;-4.991
301.04740;0.672;-4.993
301.04920;0.669;-4.995
301.05080;0.667;-4.996
301.05100;0.667;-4.997
301.05260;0.664;-4.998
301.05440;0.661;-5.000
301.05580;0.659;-5.001
301.05740;0.656;-5.003
301.05900;0.653;-5.004
301.06080;0.650;-5.006
301.06120;0.650;-5.006
301.06260;0.648;-5.008
301.06440;0.645;-5.010
301.06600;0.642;-5.011
301.06760;0.640;-5.013
301.06920;0.637;-5.014
301.07080;0.634;-5.016
301.07120;0.634;-5.016
301.07280;0.631;-5.018
301.07460;0.629;-5.020
301.07620;0.626;-5.021
301.07780;0.623;-5.023
301.07940;0.621;-5.025
301.08100;0.618;-5.026
301.08120;0.618;-5.026
301.08280;0.615;-5.028
301.08460;0.612;-5.029
301.08640;0.610;-5.031
301.08820;0.607;-5.033
301.08960;0.604;-5.034
301.09120;0.602;-5.036
301.09140;0.602;-5.036
301.09280;0.599;-5.038
301.09460;0.596;-5.039
301.09640;0.593;-5.041
301.09800;0.591;-5.043
301.09960;0.588;-5.044
301.10120;0.585;-5.046
301.10140;0.585;-5.046
301.10280;0.583;-5.048
301.10440;0.580;-5.049
301.10620;0.577;-5.051
301.10800;0.575;-5.053
301.10960;0.572;-5.054
301.11120;0.569;-5.056
301.11140;0.569;-5.056
301.11260;0.566;-5.057
301.11420;0.564;-5.059
301.11600;0.561;-5.061
301.11760;0.558;-5.062
301.11940;0.556;-5.064
301.12100;0.553;-5.066
301.12140;0.552;-5.066
301.12260;0.550;-5.067
301.12420;0.547;-5.069
301.12580;0.545;-5.071
301.12740;0.542;-5.072
301.12920;0.539;-5.074
301.13100;0.537;-5.076
301.13140;0.536;-5.076
301.13260;0.534;-5.077
301.13400;0.531;-5.079
301.13560;0.528;-5.080
301.13720;0.526;-5.082
301.13900;0.523;-5.084
301.14080;0.520;-5.085
301.14140;0.520;-5.086
301.14240;0.518;-5.087
301.14400;0.515;-5.089
301.14560;0.512;-5.090
301.14700;0.509;-5.092
301.14860;0.507;-5.093
301.15040;0.504;-5.095
301.15140;0.503;-5.096
301.15220;0.501;-5.097
301.15380;0.499;-5.098
301.15560;0.496;-5.100
301.15700;0.493;-5.101
301.15860;0.491;-5.103
301.16020;0.488;-5.105
301.16120;0.486;-5.106
301.16180;0.485;-5.106
301.16360;0.482;-5.108
301.16540;0.480;-5.110
301.16700;0.477;-5.112
301.16840;0.474;-5.113
301.17000;0.472;-5.115
301.17120;0.470;-5.116
301.17160;0.469;-5.116
301.17340;0.466;-5.118
301.17500;0.463;-5.120
301.17680;0.461;-5.121
301.17860;0.458;-5.123
301.18020;0.455;-5.125
301.18120;0.453;-5.126
301.18160;0.453;-5.126
301.18320;0.450;-5.127
301.18480;0.447;-5.129
301.18660;0.444;-5.131
301.18840;0.442;-5.133
301.19020;0.439;-5.134
301.19140;0.437;-5.136
301.19180;0.436;-5.136
301.19320;0.434;-5.137
301.19480;0.431;-5.139
301.19640;0.428;-5.141
301.19820;0.425;-5.142
301.20000;0.423;-5.144
301.20140;0.421;-5.146
301.20160;0.420;-5.146
301.20320;0.417;-5.147
301.20480;0.415;-5.149
301.20640;0.412;-5.150
301.20800;0.409;-5.152
301.20960;0.407;-5.154
301.21120;0.404;-5.155
301.21140;0.404;-5.156
301.21300;0.401;-5.157
301.21460;0.398;-5.159
301.21620;0.396;-5.160
301.21760;0.393;-5.162
301.21920;0.390;-5.163
301.22100;0.388;-5.165
301.22140;0.387;-5.165
301.22280;0.385;-5.167
301.22440;0.382;-5.168
301.22600;0.379;-5.170
301.22760;0.377;-5.172
301.22900;0.374;-5.173
301.23060;0.371;-5.174
301.23140;0.370;-5.175
301.23240;0.369;-5.176
301.23400;0.366;-5.178
301.23580;0.363;-5.180
301.23720;0.360;-5.181
301.23880;0.358;-5.183
301.24040;0.355;-5.184
301.24120;0.354;-5.185
301.24180;0.352;-5.186
301.24360;0.350;-5.188
301.24540;0.347;-5.189
301.24700;0.344;-5.191
301.24860;0.341;-5.193
301.25020;0.339;-5.194
301.25120;0.337;-5.195
301.25160;0.336;-5.196
301.25320;0.333;-5.197
301.25480;0.331;-5.198
301.25660;0.328;-5.200
301.25840;0.325;-5.202
301.26000;0.322;-5.204
301.26140;0.320;-5.205
301.26160;0.320;-5.205
301.26300;0.317;-5.207
301.26460;0.314;-5.208
301.26620;0.312;-5.210
301.26800;0.309;-5.212
301.26960;0.306;-5.213
301.27120;0.304;-5.215
301.27160;0.303;-5.215
301.27280;0.301;-5.216
301.27420;0.298;-5.218
301.27580;0.295;-5.219
301.27760;0.293;-5.221
301.27940;0.290;-5.223
301.28100;0.287;-5.224
301.28140;0.287;-5.225
301.28260;0.285;-5.226
301.28420;0.282;-5.228
301.28560;0.279;-5.229
301.28720;0.276;-5.231
301.28880;0.274;-5.232
301.29060;0.271;-5.234
301.29140;0.270;-5.235
301.29220;0.268;-5.236
301.29380;0.266;-5.237
301.29540;0.263;-5.239
301.29700;0.260;-5.241
301.29840;0.257;-5.242
301.30020;0.255;-5.244
301.30160;0.253;-5.245
301.30200;0.252;-5.245
301.30360;0.249;-5.247
301.30520;0.247;-5.248
301.30660;0.244;-5.250
301.30820;0.241;-5.251
301.31000;0.238;-5.253
301.31160;0.236;-5.255
301.31180;0.236;-5.255
301.31320;0.233;-5.256
301.31480;0.230;-5.258
301.31640;0.228;-5.260
301.31780;0.225;-5.261
301.31940;0.222;-5.263
301.32120;0.220;-5.265
301.32160;0.219;-5.265
301.32280;0.217;-5.266
301.32460;0.214;-5.268
301.32600;0.211;-5.270
301.32760;0.209;-5.271
301.32900;0.206;-5.272
301.33060;0.203;-5.274
301.33140;0.202;-5.275
301.33220;0.201;-5.276
301.33400;0.198;-5.277
301.33560;0.195;-5.279
301.33720;0.192;-5.281
301.33880;0.190;-5.282
301.34020;0.187;-5.283
301.34160;0.185;-5.285
301.34180;0.184;-5.285
301.34340;0.182;-5.287
301.34520;0.179;-5.288
301.34680;0.176;-5.290
301.34840;0.173;-5.292
301.35000;0.171;-5.293
301.35140;0.168;-5.295
301.35160;0.168;-5.295
301.35300;0.165;-5.296
301.35460;0.163;-5.298
301.35620;0.160;-5.299
301.35800;0.157;-5.301
301.35960;0.154;-5.303
301.36120;0.152;-5.304
301.36160;0.151;-5.305
301.36260;0.149;-5.306
301.36420;0.146;-5.307
301.36580;0.144;-5.309
301.36760;0.141;-5.311
301.36920;0.138;-5.312
301.37100;0.136;-5.314
301.37180;0.134;-5.315
301.37240;0.133;-5.315
301.37400;0.130;-5.317
301.37540;0.127;-5.318
301.37720;0.125;-5.320
301.37880;0.122;-5.321
301.38060;0.119;-5.323
301.38180;0.117;-5.324
301.38220;0.117;-5.325
301.38360;0.114;-5.326
301.38520;0.111;-5.328
301.38680;0.108;-5.330
301.38840;0.106;-5.331
301.39020;0.103;-5.333
301.39160;0.101;-5.334
301.39180;0.100;-5.335
301.39340;0.098;-5.336
301.39480;0.095;-5.338
301.39640;0.092;-5.339
301.39780;0.089;-5.341
301.39940;0.087;-5.342
301.40120;0.084;-5.344
301.40160;0.083;-5.344
301.40280;0.081;-5.345
301.40440;0.079;-5.347
301.40600;0.076;-5.348
301.40740;0.073;-5.350
301.40900;0.070;-5.351
301.41040;0.068;-5.353
301.41180;0.066;-5.354
301.41220;0.065;-5.355
301.41380;0.062;-5.356
301.41560;0.060;-5.358
301.41720;0.057;-5.360
301.41860;0.054;-5.361
301.42000;0.051;-5.362
301.42160;0.049;-5.364
301.42180;0.049;-5.364
301.42340;0.046;-5.366
301.42500;0.043;-5.367
301.42680;0.041;-5.369
301.42820;0.038;-5.370
301.42980;0.035;-5.372
301.43120;0.033;-5.373
301.43180;0.032;-5.374
301.43280;0.030;-5.375
301.43440;0.027;-5.377
301.43620;0.024;-5.379
301.43780;0.022;-5.380
301.43940;0.019;-5.382
301.44100;0.016;-5.384
301.44160;0.016;-5.384
301.44240;0.014;-5.385
301.44400;0.011;-5.387
301.44560;0.008;-5.388
301.44740;0.005;-5.390
301.44900;0.003;-5.392
301.45060;0.000;-5.393
301.45160;-0.001;-5.394
301.45240;-0.003;-5.395
301.45400;-0.005;-5.396
301.45540;-0.008;-5.398
301.45700;-0.011;-5.399
301.45880;-0.014;-5.401
301.46040;-0.016;-5.403
301.46160;-0.018;-5.404
301.46200;-0.019;-5.404
301.46360;-0.022;-5.406
301.46500;-0.024;-5.407
301.46660;-0.027;-5.409
301.46800;-0.030;-5.410
301.46960;-0.033;-5.412
301.47140;-0.035;-5.414
301.47180;-0.036;-5.414
301.47300;-0.038;-5.415
301.47460;-0.041;-5.417
301.47620;-0.043;-5.418
301.47760;-0.046;-5.419
301.47920;-0.049;-5.421
301.48080;-0.051;-5.422
301.48220;-0.054;-5.424
301.48240;-0.054;-5.424
301.48420;-0.057;-5.426
301.48580;-0.060;-5.427
301.48740;-0.062;-5.429
301.48880;-0.065;-5.430
301.49040;-0.068;-5.432
301.49180;-0.070;-5.433
301.49240;-0.071;-5.434
301.49340;-0.073;-5.435
301.49520;-0.076;-5.437
301.49680;-0.079;-5.438
301.49840;-0.081;-5.440
301.49980;-0.084;-5.441
301.50140;-0.087;-5.443
301.50200;-0.087;-5.444
301.50300;-0.089;-5.445
301.50460;-0.092;-5.446
301.50620;-0.095;-5.448
301.50800;-0.098;-5.450
301.50960;-0.100;-5.452
301.51100;-0.103;-5.453
301.51160;-0.104;-5.454
301.51260;-0.106;-5.455
301.51400;-0.108;-5.456
301.51580;-0.111;-5.458
301.51740;-0.114;-5.459
301.51920;-0.117;-5.461
301.52080;-0.119;-5.463
301.52180;-0.121;-5.464
301.52220;-0.122;-5.464
301.52380;-0.125;-5.465
301.52520;-0.127;-5.467
301.52680;-0.130;-5.468
301.52840;-0.133;-5.470
301.53020;-0.136;-5.472
301.53180;-0.138;-5.473
301.53200;-0.138;-5.473
301.53340;-0.141;-5.475
301.53480;-0.144;-5.476
301.53640;-0.146;-5.478
301.53800;-0.149;-5.479
301.53960;-0.152;-5.481
301.54140;-0.154;-5.483
301.54200;-0.155;-5.483
301.54300;-0.157;-5.484
301.54440;-0.160;-5.486
301.54600;-0.163;-5.487
301.54760;-0.165;-5.489
301.54920;-0.168;-5.491
301.55080;-0.171;-5.492
301.55180;-0.172;-5.493
301.55260;-0.173;-5.494
301.55420;-0.176;-5.496
301.55580;-0.179;-5.497
301.55720;-0.182;-5.499
301.55880;-0.184;-5.500
301.56040;-0.187;-5.502
301.56180;-0.189;-5.503
301.56200;-0.190;-5.503
301.56380;-0.192;-5.505
301.56560;-0.195;-5.507
301.56700;-0.198;-5.508
301.56860;-0.201;-5.510
301.57000;-0.203;-5.511
301.57160;-0.206;-5.513
301.57180;-0.206;-5.513
301.57320;-0.209;-5.514
301.57500;-0.211;-5.516
301.57680;-0.214;-5.518
301.57840;-0.217;-5.520
301.57980;-0.220;-5.521
301.58140;-0.222;-5.523
301.58180;-0.223;-5.523
301.58280;-0.225;-5.524
301.58440;-0.228;-5.526
301.58620;-0.230;-5.528
301.58800;-0.233;-5.529
301.58960;-0.236;-5.531
301.59120;-0.238;-5.533
301.59160;-0.239;-5.533
301.59260;-0.241;-5.534
301.59420;-0.244;-5.536
301.59580;-0.247;-5.537
301.59740;-0.249;-5.539
301.59920;-0.252;-5.540
301.60080;-0.255;-5.542
301.60180;-0.256;-5.543
301.60240;-0.257;-5.543
301.60380;-0.260;-5.545
301.60540;-0.263;-5.546
301.60700;-0.266;-5.548
301.60880;-0.268;-5.550
301.61060;-0.271;-5.552
301.61180;-0.273;-5.553
301.61220;-0.274;-5.553
301.61380;-0.276;-5.555
301.61520;-0.279;-5.556
301.61680;-0.282;-5.558
301.61840;-0.285;-5.559
301.62020;-0.287;-5.561
301.62180;-0.289;-5.563
301.62200;-0.290;-5.563
301.62360;-0.293;-5.565
301.62520;-0.295;-5.566
301.62660;-0.298;-5.568
301.62820;-0.301;-5.569
301.63000;-0.304;-5.571
301.63160;-0.306;-5.572
301.63180;-0.306;-5.573
301.63340;-0.309;-5.574
301.63520;-0.312;-5.576
301.63680;-0.314;-5.578
301.63840;-0.317;-5.579
301.64000;-0.320;-5.581
301.64160;-0.322;-5.582
301.64200;-0.323;-5.583
301.64340;-0.325;-5.584
301.64520;-0.328;-5.586
301.64700;-0.331;-5.587
301.64860;-0.333;-5.589
301.65020;-0.336;-5.591
301.65180;-0.339;-5.592
301.65200;-0.339;-5.592
301.65360;-0.341;-5.594
301.65540;-0.344;-5.596
301.65720;-0.347;-5.598
301.65880;-0.350;-5.599
301.66040;-0.352;-5.601
301.66180;-0.354;-5.602
301.66200;-0.355;-5.603
301.66380;-0.358;-5.604
301.66560;-0.360;-5.606
301.66740;-0.363;-5.608
301.66920;-0.366;-5.610
301.67080;-0.369;-5.611
301.67180;-0.370;-5.612
301.67240;-0.371;-5.613
301.67400;-0.374;-5.614
301.67580;-0.377;-5.616
301.67780;-0.379;-5.618
301.67960;-0.382;-5.620
301.68120;-0.385;-5.621
301.68200;-0.386;-5.622
301.68280;-0.388;-5.623
301.68460;-0.390;-5.625
301.68640;-0.393;-5.627
301.68820;-0.396;-5.628
301.69000;-0.398;-5.630
301.69180;-0.401;-5.632
301.69200;-0.401;-5.632
301.69360;-0.404;-5.634
301.69520;-0.407;-5.635
301.69700;-0.409;-5.637
301.69880;-0.412;-5.639
301.70080;-0.415;-5.641
301.70200;-0.416;-5.642
301.70260;-0.417;-5.643
301.70440;-0.420;-5.644
301.70600;-0.423;-5.646
301.70780;-0.425;-5.648
301.70980;-0.428;-5.650
301.71180;-0.431;-5.652
301.71200;-0.431;-5.652
301.71380;-0.434;-5.654
301.71560;-0.436;-5.656
301.71720;-0.439;-5.657
301.71900;-0.442;-5.659
301.72100;-0.444;-5.661
301.72180;-0.445;-5.662
301.72320;-0.447;-5.663
301.72520;-0.450;-5.665
301.72700;-0.453;-5.667
301.72880;-0.455;-5.669
301.73080;-0.458;-5.671
301.73180;-0.459;-5.672
301.73280;-0.461;-5.673
301.73500;-0.463;-5.675
301.73700;-0.466;-5.677
301.73900;-0.469;-5.679
301.74080;-0.472;-5.681
301.74180;-0.473;-5.682
301.74280;-0.474;-5.683
301.74500;-0.477;-5.685
301.74720;-0.480;-5.687
301.74940;-0.482;-5.689
301.75140;-0.485;-5.691
301.75160;-0.485;-5.692
301.75340;-0.488;-5.693
301.75540;-0.491;-5.695
301.75780;-0.493;-5.698
301.76000;-0.496;-5.700
301.76160;-0.498;-5.702
301.76220;-0.499;-5.702
301.76420;-0.501;-5.704
301.76640;-0.504;-5.706
301.76900;-0.507;-5.709
301.77120;-0.509;-5.711
301.77180;-0.510;-5.711
301.77340;-0.512;-5.713
301.77560;-0.515;-5.715
301.77800;-0.518;-5.718
301.78060;-0.520;-5.720
301.78180;-0.522;-5.721
301.78320;-0.523;-5.723
301.78540;-0.526;-5.725
301.78760;-0.528;-5.727
301.79000;-0.531;-5.730
301.79180;-0.533;-5.731
301.79260;-0.534;-5.732
301.79540;-0.537;-5.735
301.79780;-0.539;-5.737
301.80020;-0.542;-5.739
301.80200;-0.543;-5.741
301.80300;-0.545;-5.742
301.80580;-0.547;-5.745
301.80840;-0.550;-5.748
301.81100;-0.553;-5.750
301.81180;-0.554;-5.751
301.81360;-0.556;-5.753
301.81700;-0.558;-5.756
301.81980;-0.561;-5.759
301.82180;-0.563;-5.761
301.82240;-0.564;-5.762
301.82540;-0.566;-5.765
301.82880;-0.569;-5.768
301.83160;-0.572;-5.771
301.83180;-0.572;-5.771
301.83460;-0.575;-5.774
301.83820;-0.577;-5.777
301.84160;-0.580;-5.781
301.84180;-0.580;-5.781
301.84440;-0.583;-5.783
301.84800;-0.585;-5.787
301.85160;-0.587;-5.791
301.85200;-0.588;-5.791
301.85520;-0.591;-5.794
301.85880;-0.593;-5.798
301.86180;-0.595;-5.801
301.86320;-0.596;-5.802
301.86660;-0.599;-5.806
301.87080;-0.602;-5.810
301.87180;-0.602;-5.811
301.87520;-0.604;-5.814
301.87900;-0.607;-5.818
301.88180;-0.608;-5.821
301.88420;-0.610;-5.823
301.88800;-0.612;-5.827
301.89180;-0.615;-5.831
301.89340;-0.615;-5.832
301.89800;-0.618;-5.837
301.90180;-0.620;-5.840
301.90320;-0.621;-5.842
301.90840;-0.623;-5.847
301.91180;-0.625;-5.850
301.91420;-0.626;-5.853
301.91940;-0.629;-5.858
301.92200;-0.629;-5.860
301.92640;-0.631;-5.865
301.93180;-0.634;-5.870
301.93200;-0.634;-5.870
301.93940;-0.637;-5.878
301.94200;-0.638;-5.880
301.94500;-0.640;-5.883
301.95220;-0.642;-5.890
301.95360;-0.642;-5.892
301.96140;-0.645;-5.899
301.96220;-0.645;-5.900
301.96900;-0.648;-5.907
301.97220;-0.648;-5.910
301.97880;-0.650;-5.917
301.98200;-0.651;-5.920
301.98940;-0.653;-5.927
301.99200;-0.654;-5.930
302.00080;-0.656;-5.939
302.00200;-0.656;-5.940
302.01220;-0.658;-5.950
302.01280;-0.659;-5.950
302.02220;-0.660;-5.960
302.02580;-0.661;-5.963
302.03220;-0.662;-5.970
302.04380;-0.663;-5.979
302.04580;-0.664;-5.981
302.06620;-0.662;-5.989
302.06720;-0.661;-5.990
302.07700;-0.659;-5.992
302.08560;-0.656;-5.994
302.09120;-0.653;-5.995
302.09880;-0.650;-5.996
302.10600;-0.648;-5.997
302.11220;-0.645;-5.997
302.12080;-0.642;-5.998
302.12820;-0.640;-5.998
302.13680;-0.637;-5.999
302.14600;-0.634;-5.999
302.15000;-0.634;-5.999
302.15660;-0.631;-5.999
302.16820;-0.629;-6.000
302.18320;-0.626;-6.000
302.19740;-0.623;-6.000
302.21060;-0.621;-6.000
302.22440;-0.618;-6.000
302.23920;-0.615;-6.000
302.25840;-0.612;-6.000
302.27980;-0.610;-6.000
302.30360;-0.607;-6.000
302.32900;-0.604;-6.000
302.36060;-0.602;-6.000
302.38720;-0.599;-6.000
302.42140;-0.596;-6.000
302.46700;-0.593;-6.000
302.50980;-0.591;-6.000
302.55820;-0.588;-6.000
302.61500;-0.585;-6.000
302.66540;-0.583;-6.000
302.73540;-0.580;-6.000
302.81840;-0.577;-6.000
302.88880;-0.575;-6.000
302.99220;-0.572;-6.000
303.10440;-0.569;-6.000
303.21460;-0.566;-6.000
303.35160;-0.564;-6.000
303.53420;-0.561;-6.000
303.68360;-0.558;-6.000
303.90960;-0.556;-6.000
304.12840;-0.553;-6.000
304.36640;-0.550;-6.000
304.66720;-0.547;-6.000
305.01540;-0.545;-6.000
305.43860;-0.542;-6.000
305.91680;-0.539;-6.000
306.60160;-0.537;-6.000
307.26220;-0.534;-6.000
307.98660;-0.531;-6.000
308.97400;-0.528;-6.000
310.13400;-0.527;-6.000
